wid,name,url,domain
0,AH! YOU FOOL!,https://hiberious-monsters.fandom.com/wiki/AH!_YOU_FOOL!,hiberious-monsters.fandom.com
1,Aiden's big mistake,https://hiberious-monsters.fandom.com/wiki/Aiden%27s_big_mistake,hiberious-monsters.fandom.com
2,Aiden Malak,https://hiberious-monsters.fandom.com/wiki/Aiden_Malak,hiberious-monsters.fandom.com
3,Arachnlug,https://hiberious-monsters.fandom.com/wiki/Arachnlug,hiberious-monsters.fandom.com
4,Bacteria Null,https://hiberious-monsters.fandom.com/wiki/Bacteria_Null,hiberious-monsters.fandom.com
5,Balloon Man,https://hiberious-monsters.fandom.com/wiki/Balloon_Man,hiberious-monsters.fandom.com
6,Christopher Majory,https://hiberious-monsters.fandom.com/wiki/Christopher_Majory,hiberious-monsters.fandom.com
7,Christopher fester,https://hiberious-monsters.fandom.com/wiki/Christopher_fester,hiberious-monsters.fandom.com
8,Cold-Pink Room Crawler,https://hiberious-monsters.fandom.com/wiki/Cold-Pink_Room_Crawler,hiberious-monsters.fandom.com
9,Darknlug,https://hiberious-monsters.fandom.com/wiki/Darknlug,hiberious-monsters.fandom.com
10,Es:Christopher fester,https://hiberious-monsters.fandom.com/wiki/Es:Christopher_fester,hiberious-monsters.fandom.com
11,Farage,https://hiberious-monsters.fandom.com/wiki/Farage,hiberious-monsters.fandom.com
12,Fr:Christopher fester,https://hiberious-monsters.fandom.com/wiki/Fr:Christopher_fester,hiberious-monsters.fandom.com
13,Hiberious Log,https://hiberious-monsters.fandom.com/wiki/Hiberious_Log,hiberious-monsters.fandom.com
14,Hiberious Monsters Wiki,https://hiberious-monsters.fandom.com/wiki/Hiberious_Monsters_Wiki,hiberious-monsters.fandom.com
15,IS THAT YOU? (REDDD.),https://hiberious-monsters.fandom.com/wiki/IS_THAT_YOU%3F_(REDDD.),hiberious-monsters.fandom.com
16,ImportJS,https://hiberious-monsters.fandom.com/wiki/ImportJS,hiberious-monsters.fandom.com
17,Jp:Christopher fester,https://hiberious-monsters.fandom.com/wiki/Jp:Christopher_fester,hiberious-monsters.fandom.com
18,Jp:Polt-002,https://hiberious-monsters.fandom.com/wiki/Jp:Polt-002,hiberious-monsters.fandom.com
19,Lists:Sysops,https://hiberious-monsters.fandom.com/wiki/Lists:Sysops,hiberious-monsters.fandom.com
20,Monsters,https://hiberious-monsters.fandom.com/wiki/Monsters,hiberious-monsters.fandom.com
21,None yet :(,https://hiberious-monsters.fandom.com/wiki/None_yet_:(,hiberious-monsters.fandom.com
22,Polt-002,https://hiberious-monsters.fandom.com/wiki/Polt-002,hiberious-monsters.fandom.com
23,Pool-y,https://hiberious-monsters.fandom.com/wiki/Pool-y,hiberious-monsters.fandom.com
24,Roots,https://hiberious-monsters.fandom.com/wiki/Roots,hiberious-monsters.fandom.com
25,Silly Fella,https://hiberious-monsters.fandom.com/wiki/Silly_Fella,hiberious-monsters.fandom.com
26,Sky view,https://hiberious-monsters.fandom.com/wiki/Sky_view,hiberious-monsters.fandom.com
27,Staying Sitter,https://hiberious-monsters.fandom.com/wiki/Staying_Sitter,hiberious-monsters.fandom.com
28,Stranger Universe,https://hiberious-monsters.fandom.com/wiki/Stranger_Universe,hiberious-monsters.fandom.com
29,Terror Blower,https://hiberious-monsters.fandom.com/wiki/Terror_Blower,hiberious-monsters.fandom.com
30,The Toilet was Clogged,https://hiberious-monsters.fandom.com/wiki/The_Toilet_was_Clogged,hiberious-monsters.fandom.com
31,Wire Twins,https://hiberious-monsters.fandom.com/wiki/Wire_Twins,hiberious-monsters.fandom.com
32,誰も,https://hiberious-monsters.fandom.com/wiki/%E8%AA%B0%E3%82%82,hiberious-monsters.fandom.com
